time,cell04456
2013-11-04 00:00:00,527.7485511228967
2013-11-04 00:10:00,556.4031041027677
2013-11-04 00:20:00,748.7870146708726
2013-11-04 00:30:00,569.8439999798695
2013-11-04 00:40:00,505.23012186200026
2013-11-04 00:50:00,479.8586964545834
2013-11-04 01:00:00,439.8767298657138
2013-11-04 01:10:00,511.8345851796736
2013-11-04 01:20:00,409.5635101504994
2013-11-04 01:30:00,418.591550421441
2013-11-04 01:40:00,436.0603384810439
2013-11-04 01:50:00,437.2158074960125
2013-11-04 02:00:00,428.15664634731377
2013-11-04 02:10:00,529.5044882896317
2013-11-04 02:20:00,367.11345853848974
2013-11-04 02:30:00,377.5150353309713
2013-11-04 02:40:00,391.04580899091343
2013-11-04 02:50:00,329.3662683749359
2013-11-04 03:00:00,365.1544413494997
2013-11-04 03:10:00,334.846719083848
2013-11-04 03:20:00,305.71505663429525
2013-11-04 03:30:00,338.9586229657588
2013-11-04 03:40:00,341.25572863670834
2013-11-04 03:50:00,300.66222557204765
2013-11-04 04:00:00,323.49018105560145
2013-11-04 04:10:00,325.04612380033507
2013-11-04 04:20:00,273.42223068747256
2013-11-04 04:30:00,306.7080511279519
2013-11-04 04:40:00,313.42742708885595
2013-11-04 04:50:00,286.46010231348504
2013-11-04 05:00:00,322.0431274074361
2013-11-04 05:10:00,332.2941994633589
2013-11-04 05:20:00,321.5065854814257
2013-11-04 05:30:00,333.643043461514
2013-11-04 05:40:00,378.1932542443848
2013-11-04 05:50:00,364.1765584950277
2013-11-04 06:00:00,423.1518250748289
2013-11-04 06:10:00,431.88392108167545
2013-11-04 06:20:00,384.7966903231887
2013-11-04 06:30:00,431.06535918768986
2013-11-04 06:40:00,503.8623722003888
2013-11-04 06:50:00,534.7115255226448
2013-11-04 07:00:00,594.8162224038559
2013-11-04 07:10:00,581.3339088965688
2013-11-04 07:20:00,515.8828022162694
2013-11-04 07:30:00,573.958716973975
2013-11-04 07:40:00,773.9241291910005
2013-11-04 07:50:00,730.5529534795488
2013-11-04 08:00:00,773.919159814855
2013-11-04 08:10:00,1107.9718275616372
2013-11-04 08:20:00,748.8279871398335
2013-11-04 08:30:00,681.5021271378433
2013-11-04 08:40:00,622.7002356110802
2013-11-04 08:50:00,709.5127149790644
2013-11-04 09:00:00,698.065829000529
2013-11-04 09:10:00,662.5473238895596
2013-11-04 09:20:00,775.2458199435771
2013-11-04 09:30:00,724.3116425628874
2013-11-04 09:40:00,664.535040666103
2013-11-04 09:50:00,647.6063976223045
2013-11-04 10:00:00,683.9739844131644
2013-11-04 10:10:00,759.6210373896273
2013-11-04 10:20:00,662.8473744284988
2013-11-04 10:30:00,768.3857828413977
2013-11-04 10:40:00,814.8205719213474
2013-11-04 10:50:00,694.798569794136
2013-11-04 11:00:00,636.777929462597
2013-11-04 11:10:00,776.1945822750811
2013-11-04 11:20:00,866.3088816225501
2013-11-04 11:30:00,764.1071975440763
2013-11-04 11:40:00,709.4270201794197
2013-11-04 11:50:00,647.4589593691978
2013-11-04 12:00:00,711.1711313458379
2013-11-04 12:10:00,782.0954521319984
2013-11-04 12:20:00,592.5991718100645
2013-11-04 12:30:00,803.6164602537318
2013-11-04 12:40:00,828.8475881551225
2013-11-04 12:50:00,830.485851062796
2013-11-04 13:00:00,871.6390264763301
2013-11-04 13:10:00,700.3444511353883
2013-11-04 13:20:00,911.20967700459
2013-11-04 13:30:00,865.5342653945467
2013-11-04 13:40:00,721.7875736655398
2013-11-04 13:50:00,696.7997295438878
2013-11-04 14:00:00,768.0585445973979
2013-11-04 14:10:00,771.7370896854795
2013-11-04 14:20:00,779.0399451175632
2013-11-04 14:30:00,802.9256127932631
2013-11-04 14:40:00,817.4337747949728
2013-11-04 14:50:00,978.0377131501748
2013-11-04 15:00:00,858.3107683442671
2013-11-04 15:10:00,715.6944034057199
2013-11-04 15:20:00,782.3295936045753
2013-11-04 15:30:00,734.5103355165915
2013-11-04 15:40:00,822.6698804712269
2013-11-04 15:50:00,927.7751336428572
2013-11-04 16:00:00,801.5255854815418
2013-11-04 16:10:00,803.8407729764599
2013-11-04 16:20:00,722.9640023837255
2013-11-04 16:30:00,864.7379044360854
2013-11-04 16:40:00,933.8475681377736
2013-11-04 16:50:00,771.4689573076711
2013-11-04 17:00:00,775.6737635889599
2013-11-04 17:10:00,800.8476666368069
2013-11-04 17:20:00,918.7070778583096
2013-11-04 17:30:00,860.4337819796218
2013-11-04 17:40:00,779.0328037179484
2013-11-04 17:50:00,809.8095636140564
2013-11-04 18:00:00,737.0212633265908
2013-11-04 18:10:00,770.4170108253619
2013-11-04 18:20:00,749.9351183767809
2013-11-04 18:30:00,899.345045542398
2013-11-04 18:40:00,851.5844367114681
2013-11-04 18:50:00,800.2363634319684
2013-11-04 19:00:00,800.9473753056664
2013-11-04 19:10:00,786.640962523041
2013-11-04 19:20:00,808.3689578974054
2013-11-04 19:30:00,999.3957903488894
2013-11-04 19:40:00,971.134968817846
2013-11-04 19:50:00,996.3724179920268
2013-11-04 20:00:00,828.8660528637474
2013-11-04 20:10:00,851.6857835832848
2013-11-04 20:20:00,940.4921590124518
2013-11-04 20:30:00,848.8668745564263
2013-11-04 20:40:00,823.3778889637701
2013-11-04 20:50:00,865.20643086092
2013-11-04 21:00:00,912.0070512789572
2013-11-04 21:10:00,1027.2483017110776
2013-11-04 21:20:00,901.3717320856208
2013-11-04 21:30:00,906.1107416063796
2013-11-04 21:40:00,879.104418211718
2013-11-04 21:50:00,802.112999396888
2013-11-04 22:00:00,802.3489791803102
2013-11-04 22:10:00,887.4351490268645
2013-11-04 22:20:00,877.8682875229572
2013-11-04 22:30:00,929.6551072511796
2013-11-04 22:40:00,775.2271641713724
2013-11-04 22:50:00,827.9014819991742
2013-11-04 23:00:00,747.3690190678781
2013-11-04 23:10:00,700.3437434108921
2013-11-04 23:20:00,662.7469116327244
2013-11-04 23:30:00,587.1717585175574
2013-11-04 23:40:00,649.1372794898397
2013-11-04 23:50:00,765.9579526334751
2013-11-05 00:00:00,603.8406411571797
2013-11-05 00:10:00,585.4052687774396
2013-11-05 00:20:00,590.9047061433963
2013-11-05 00:30:00,621.8814298342334
2013-11-05 00:40:00,576.6835758007377
2013-11-05 00:50:00,476.0414656401156
2013-11-05 01:00:00,497.6417183412967
2013-11-05 01:10:00,497.6450312683984
2013-11-05 01:20:00,468.2084235756939
2013-11-05 01:30:00,428.2571418012285
2013-11-05 01:40:00,394.76816513948063
2013-11-05 01:50:00,407.853010199656
2013-11-05 02:00:00,408.9801923938758
2013-11-05 02:10:00,372.8723914761531
2013-11-05 02:20:00,367.7878898443468
2013-11-05 02:30:00,388.6058410778668
2013-11-05 02:40:00,348.2841475606237
2013-11-05 02:50:00,332.3574862526578
2013-11-05 03:00:00,328.4136132508622
2013-11-05 03:10:00,330.8772616354177
2013-11-05 03:20:00,390.7866575951929
2013-11-05 03:30:00,332.0923967933924
2013-11-05 03:40:00,342.35920646147736
2013-11-05 03:50:00,317.34453292174493
2013-11-05 04:00:00,319.0135862570249
2013-11-05 04:10:00,350.45017416767763
2013-11-05 04:20:00,308.5856198644672
2013-11-05 04:30:00,337.0043334921305
2013-11-05 04:40:00,382.5117086680606
2013-11-05 04:50:00,349.76468388688744
2013-11-05 05:00:00,327.01652679569315
2013-11-05 05:10:00,368.6347005530476
2013-11-05 05:20:00,371.5999934477006
2013-11-05 05:30:00,428.691060711614
2013-11-05 05:40:00,425.7833719158381
2013-11-05 05:50:00,466.2898946642991
2013-11-05 06:00:00,511.1386808543663
2013-11-05 06:10:00,520.714879877238
2013-11-05 06:20:00,618.3003002982512
2013-11-05 06:30:00,604.498092056407
2013-11-05 06:40:00,724.9640212314125
2013-11-05 06:50:00,904.4681772108391
2013-11-05 07:00:00,700.9287359058944
2013-11-05 07:10:00,945.340614411379
2013-11-05 07:20:00,842.8321700022386
2013-11-05 07:30:00,779.0244574936216
2013-11-05 07:40:00,869.527505740652
2013-11-05 07:50:00,926.5748514170292
2013-11-05 08:00:00,736.2681287444954
2013-11-05 08:10:00,818.0540772740724
2013-11-05 08:20:00,698.3026458600705
2013-11-05 08:30:00,681.7365079036445
2013-11-05 08:40:00,730.8614128334459
2013-11-05 08:50:00,753.1491918495033
2013-11-05 09:00:00,787.1767251659292
2013-11-05 09:10:00,760.2791090924608
2013-11-05 09:20:00,748.1655050737045
2013-11-05 09:30:00,822.4374078366884
2013-11-05 09:40:00,760.4564700344915
2013-11-05 09:50:00,885.4151020079893
2013-11-05 10:00:00,870.0657977773054
2013-11-05 10:10:00,862.1309809325943
2013-11-05 10:20:00,791.3549800392157
2013-11-05 10:30:00,827.9577699949467
2013-11-05 10:40:00,856.0235538772608
2013-11-05 10:50:00,939.7361202053772
2013-11-05 11:00:00,810.8432815277781
2013-11-05 11:10:00,677.1238404871538
2013-11-05 11:20:00,784.3172725081611
2013-11-05 11:30:00,985.1186349130438
2013-11-05 11:40:00,965.4227037388216
2013-11-05 11:50:00,950.7907743835592
2013-11-05 12:00:00,1040.1001013464331
2013-11-05 12:10:00,928.2007714539632
2013-11-05 12:20:00,867.7333758588109
2013-11-05 12:30:00,868.2973283159146
2013-11-05 12:40:00,903.9238834224932
2013-11-05 12:50:00,886.5878225333117
2013-11-05 13:00:00,837.8155849361775
2013-11-05 13:10:00,870.1114005727728
2013-11-05 13:20:00,832.5706716273719
2013-11-05 13:30:00,856.1704551954873
2013-11-05 13:40:00,945.6119642690352
2013-11-05 13:50:00,875.6580748147511
2013-11-05 14:00:00,934.2954582439638
2013-11-05 14:10:00,915.0908801074988
2013-11-05 14:20:00,758.0679392450292
2013-11-05 14:30:00,802.1351686215128
2013-11-05 14:40:00,717.7173667151837
2013-11-05 14:50:00,812.6146622914011
2013-11-05 15:00:00,779.1451004875852
2013-11-05 15:10:00,841.208247458042
2013-11-05 15:20:00,795.7119892759049
2013-11-05 15:30:00,960.5964988270536
2013-11-05 15:40:00,757.0784087247403
2013-11-05 15:50:00,883.3266202194549
2013-11-05 16:00:00,754.5728284563658
2013-11-05 16:10:00,859.2637982382955
2013-11-05 16:20:00,795.396439687868
2013-11-05 16:30:00,874.2001555433267
2013-11-05 16:40:00,897.8525733324093
2013-11-05 16:50:00,991.590108569698
2013-11-05 17:00:00,899.1940587574809
2013-11-05 17:10:00,811.265671218535
2013-11-05 17:20:00,820.0444431956485
2013-11-05 17:30:00,786.7855327046796
2013-11-05 17:40:00,934.5116851564802
2013-11-05 17:50:00,838.2674274424014
2013-11-05 18:00:00,882.7222404842267
2013-11-05 18:10:00,823.1984400010715
2013-11-05 18:20:00,1007.5569589770474
2013-11-05 18:30:00,1008.5261741047334
2013-11-05 18:40:00,999.4779310895916
2013-11-05 18:50:00,888.8890527875162
2013-11-05 19:00:00,908.6167785770308
2013-11-05 19:10:00,872.0308746501435
2013-11-05 19:20:00,970.9679722901246
2013-11-05 19:30:00,938.147543488672
2013-11-05 19:40:00,981.1417332925512
2013-11-05 19:50:00,1052.7239132482048
2013-11-05 20:00:00,1006.5905739424168
2013-11-05 20:10:00,909.5477073589192
2013-11-05 20:20:00,1244.8598126703366
2013-11-05 20:30:00,1156.2280973297047
2013-11-05 20:40:00,1010.1943696032196
2013-11-05 20:50:00,1077.6666424510154
2013-11-05 21:00:00,1121.3194054110834
2013-11-05 21:10:00,1068.1013995456965
2013-11-05 21:20:00,1006.2912182198718
2013-11-05 21:30:00,1019.8879543540022
2013-11-05 21:40:00,978.5184886409576
2013-11-05 21:50:00,939.4486454318688
2013-11-05 22:00:00,905.9123812697518
2013-11-05 22:10:00,927.497370873566
2013-11-05 22:20:00,871.9345127922841
2013-11-05 22:30:00,842.8874753486722
2013-11-05 22:40:00,906.1130742884708
2013-11-05 22:50:00,713.1732856214636
2013-11-05 23:00:00,744.217484424334
2013-11-05 23:10:00,791.7867567868238
2013-11-05 23:20:00,766.4439413907119
2013-11-05 23:30:00,739.1705202435779
2013-11-05 23:40:00,664.645581834932
2013-11-05 23:50:00,686.1711070123513
2013-11-06 00:00:00,616.417109849308
2013-11-06 00:10:00,609.0331960414646
2013-11-06 00:20:00,645.0691763287317
2013-11-06 00:30:00,565.1105957730327
2013-11-06 00:40:00,522.9094188230803
2013-11-06 00:50:00,503.3778577740173
2013-11-06 01:00:00,467.5334915448554
2013-11-06 01:10:00,437.6962511848636
2013-11-06 01:20:00,461.4799810728193
2013-11-06 01:30:00,421.9628589913675
2013-11-06 01:40:00,445.1112979037649
2013-11-06 01:50:00,439.4439599055121
2013-11-06 02:00:00,410.8390990348751
2013-11-06 02:10:00,391.7007869082133
2013-11-06 02:20:00,422.5100057787732
2013-11-06 02:30:00,383.5727504258813
2013-11-06 02:40:00,394.2257800463297
2013-11-06 02:50:00,382.35564501101146
2013-11-06 03:00:00,352.8357303781649
2013-11-06 03:10:00,354.65460749178203
2013-11-06 03:20:00,346.81067065109283
2013-11-06 03:30:00,341.5953222081853
2013-11-06 03:40:00,333.50118236792594
2013-11-06 03:50:00,337.8777245564022
2013-11-06 04:00:00,326.6045375227584
2013-11-06 04:10:00,341.6347608992244
2013-11-06 04:20:00,398.4528467921189
2013-11-06 04:30:00,368.3407441122412
2013-11-06 04:40:00,355.42677520235713
2013-11-06 04:50:00,335.7667785064954
2013-11-06 05:00:00,377.5976986123736
2013-11-06 05:10:00,350.0255495468812
2013-11-06 05:20:00,397.0427846155533
2013-11-06 05:30:00,388.8353839131009
2013-11-06 05:40:00,380.9576262344039
2013-11-06 05:50:00,398.4154117401729
2013-11-06 06:00:00,441.697132908848
2013-11-06 06:10:00,502.6870541269712
2013-11-06 06:20:00,489.4262764686181
2013-11-06 06:30:00,589.2770053686949
2013-11-06 06:40:00,590.5460971439472
2013-11-06 06:50:00,618.3307199079652
2013-11-06 07:00:00,677.584174061022
2013-11-06 07:10:00,683.9677237167152
2013-11-06 07:20:00,726.620014997661
2013-11-06 07:30:00,773.6266971786847
2013-11-06 07:40:00,716.795933012287
2013-11-06 07:50:00,692.3112923242503
2013-11-06 08:00:00,764.9817979329706
2013-11-06 08:10:00,899.9391313051524
2013-11-06 08:20:00,861.4120257457516
2013-11-06 08:30:00,952.8683815966284
2013-11-06 08:40:00,928.4062377287928
2013-11-06 08:50:00,970.2234414212762
2013-11-06 09:00:00,897.3664355591831
2013-11-06 09:10:00,915.8667287865386
2013-11-06 09:20:00,1041.795509005865
2013-11-06 09:30:00,1365.303585840618
2013-11-06 09:40:00,1325.3233402495907
2013-11-06 09:50:00,1323.099998502371
2013-11-06 10:00:00,1617.6793370062248
2013-11-06 10:10:00,1544.3880922827254
2013-11-06 10:20:00,1220.3148331821951
2013-11-06 10:30:00,1165.1642959043168
2013-11-06 10:40:00,793.8213481990908
2013-11-06 10:50:00,751.2151895788895
2013-11-06 11:00:00,790.955308867414
2013-11-06 11:10:00,764.3923739817698
2013-11-06 11:20:00,983.6523243229256
2013-11-06 11:30:00,830.6541479864217
2013-11-06 11:40:00,792.3429175372205
2013-11-06 11:50:00,934.405286269856
2013-11-06 12:00:00,882.4915772102754
2013-11-06 12:10:00,826.7882486404027
2013-11-06 12:20:00,854.6227422692558
2013-11-06 12:30:00,838.6437039138477
2013-11-06 12:40:00,831.8761480602475
2013-11-06 12:50:00,854.8794255263166
2013-11-06 13:00:00,999.1074559545892
2013-11-06 13:10:00,828.5389194236178
2013-11-06 13:20:00,715.6909838353483
2013-11-06 13:30:00,770.4598269861062
2013-11-06 13:40:00,810.8112003695255
2013-11-06 13:50:00,792.6556843451616
2013-11-06 14:00:00,805.3548849760255
2013-11-06 14:10:00,852.47565977865
2013-11-06 14:20:00,818.1524313009943
2013-11-06 14:30:00,900.4978462988197
2013-11-06 14:40:00,851.6772363414508
2013-11-06 14:50:00,803.156157245225
2013-11-06 15:00:00,903.0244713507544
2013-11-06 15:10:00,775.1403899958163
2013-11-06 15:20:00,826.4578230467472
2013-11-06 15:30:00,766.5350849266978
2013-11-06 15:40:00,905.140158983561
2013-11-06 15:50:00,779.244611593055
2013-11-06 16:00:00,790.0834745356364
2013-11-06 16:10:00,827.570167903222
2013-11-06 16:20:00,756.53880643439
2013-11-06 16:30:00,779.6441808033243
2013-11-06 16:40:00,734.9053004459169
2013-11-06 16:50:00,765.5079702607742
2013-11-06 17:00:00,740.6643854302607
2013-11-06 17:10:00,902.3555421393612
2013-11-06 17:20:00,824.8148806183561
2013-11-06 17:30:00,842.7198389467372
2013-11-06 17:40:00,988.3960499675954
2013-11-06 17:50:00,967.4190156342872
2013-11-06 18:00:00,824.5373957330339
2013-11-06 18:10:00,880.4961810823336
2013-11-06 18:20:00,838.8404702549777
2013-11-06 18:30:00,946.882357648106
2013-11-06 18:40:00,952.6811691069272
2013-11-06 18:50:00,903.896720244956
2013-11-06 19:00:00,850.6305533916784
2013-11-06 19:10:00,1011.4506258403712
2013-11-06 19:20:00,905.1155183254924
2013-11-06 19:30:00,869.6053544697938
2013-11-06 19:40:00,1057.529728285571
2013-11-06 19:50:00,1039.1637007755196
2013-11-06 20:00:00,1136.811204648389
2013-11-06 20:10:00,1117.4101608648325
2013-11-06 20:20:00,1023.7987256227982
2013-11-06 20:30:00,1094.590016126435
2013-11-06 20:40:00,1056.5732950771464
2013-11-06 20:50:00,1022.5659242929108
2013-11-06 21:00:00,1033.5866379282586
2013-11-06 21:10:00,1308.9527505862677
2013-11-06 21:20:00,1206.51010408645
2013-11-06 21:30:00,1281.9418056144484
2013-11-06 21:40:00,1066.719894614606
2013-11-06 21:50:00,1227.8922493819528
2013-11-06 22:00:00,1271.9635133354964
2013-11-06 22:10:00,975.6615931857486
2013-11-06 22:20:00,1127.3780888039923
2013-11-06 22:30:00,940.4725449364608
2013-11-06 22:40:00,925.2042486416136
2013-11-06 22:50:00,894.1432492296912
2013-11-06 23:00:00,929.4172934160416
2013-11-06 23:10:00,814.9442265530474
2013-11-06 23:20:00,759.4470458456464
2013-11-06 23:30:00,746.2528670863142
2013-11-06 23:40:00,714.4589122370472
2013-11-06 23:50:00,677.0741687637473
2013-11-07 00:00:00,907.2408290143496
2013-11-07 00:10:00,631.8885125081441
2013-11-07 00:20:00,527.3668273251201
2013-11-07 00:30:00,502.375389921198
2013-11-07 00:40:00,489.20413473809685
2013-11-07 00:50:00,489.3037183110824
2013-11-07 01:00:00,478.4688262798989
2013-11-07 01:10:00,538.9250681480621
2013-11-07 01:20:00,438.9568380669532
2013-11-07 01:30:00,431.9849229561679
2013-11-07 01:40:00,402.25209402896365
2013-11-07 01:50:00,407.19677842787365
2013-11-07 02:00:00,407.7153832945314
2013-11-07 02:10:00,369.2101387264132
2013-11-07 02:20:00,364.8100466760142
2013-11-07 02:30:00,364.6698807243214
2013-11-07 02:40:00,336.3592162013423
2013-11-07 02:50:00,486.1663773432567
2013-11-07 03:00:00,387.77441957183504
2013-11-07 03:10:00,324.9843956582531
2013-11-07 03:20:00,373.25539809297817
2013-11-07 03:30:00,368.2217068395466
2013-11-07 03:40:00,347.46704380727493
2013-11-07 03:50:00,328.9859634004836
2013-11-07 04:00:00,317.08158037381224
2013-11-07 04:10:00,338.54780450950284
2013-11-07 04:20:00,349.7916861800335
2013-11-07 04:30:00,379.4771813671295
2013-11-07 04:40:00,375.38629367275286
2013-11-07 04:50:00,340.53266893805966
2013-11-07 05:00:00,341.53740821680947
2013-11-07 05:10:00,366.7667569964757
2013-11-07 05:20:00,408.9882000835463
2013-11-07 05:30:00,398.2936527616092
2013-11-07 05:40:00,387.86414700893135
2013-11-07 05:50:00,407.9557727486817
2013-11-07 06:00:00,472.2025065032102
2013-11-07 06:10:00,487.0058618924056
2013-11-07 06:20:00,492.94456604001977
2013-11-07 06:30:00,586.852175834236
2013-11-07 06:40:00,584.8678444687228
2013-11-07 06:50:00,660.6056102309394
2013-11-07 07:00:00,653.379681484053
2013-11-07 07:10:00,836.3554503159481
2013-11-07 07:20:00,722.9879295490781
2013-11-07 07:30:00,777.0634026805853
2013-11-07 07:40:00,1005.0520094477667
2013-11-07 07:50:00,827.1881213049434
2013-11-07 08:00:00,951.5699792246186
2013-11-07 08:10:00,787.8841223984927
2013-11-07 08:20:00,872.1535173465061
2013-11-07 08:30:00,913.5289084344212
2013-11-07 08:40:00,724.3157315498642
2013-11-07 08:50:00,785.2534340358552
2013-11-07 09:00:00,822.2471121998835
2013-11-07 09:10:00,829.6419680678907
2013-11-07 09:20:00,927.7218407819104
2013-11-07 09:30:00,865.3300179874782
2013-11-07 09:40:00,791.0657269665643
2013-11-07 09:50:00,882.904687830921
2013-11-07 10:00:00,832.1620954122214
2013-11-07 10:10:00,772.3615021053143
2013-11-07 10:20:00,804.530791955269
2013-11-07 10:30:00,776.4636027084977
2013-11-07 10:40:00,727.0632976417237
2013-11-07 10:50:00,742.3654946775084
2013-11-07 11:00:00,752.6140235609706
2013-11-07 11:10:00,817.8701505468177
2013-11-07 11:20:00,934.264348295052
2013-11-07 11:30:00,823.9332589394365
2013-11-07 11:40:00,918.1328512858156
2013-11-07 11:50:00,828.5644853964408
2013-11-07 12:00:00,759.2712936412394
2013-11-07 12:10:00,930.9115750618312
2013-11-07 12:20:00,967.3103924930796
2013-11-07 12:30:00,883.7820514161808
2013-11-07 12:40:00,828.1714520490227
2013-11-07 12:50:00,909.894496922288
2013-11-07 13:00:00,829.6260640058345
2013-11-07 13:10:00,1023.0808317653878
2013-11-07 13:20:00,759.1173660323756
2013-11-07 13:30:00,795.0519576823282
2013-11-07 13:40:00,823.377596992978
2013-11-07 13:50:00,779.7769452320209
2013-11-07 14:00:00,718.8767956943157
2013-11-07 14:10:00,786.131239785171
2013-11-07 14:20:00,729.191835291206
2013-11-07 14:30:00,744.1098410220002
2013-11-07 14:40:00,829.1639974046636
2013-11-07 14:50:00,774.6621987391052
2013-11-07 15:00:00,726.8234290560658
2013-11-07 15:10:00,708.3653659344603
2013-11-07 15:20:00,754.1650047478224
2013-11-07 15:30:00,857.6623291844037
2013-11-07 15:40:00,847.5333074567131
2013-11-07 15:50:00,776.9928939982899
2013-11-07 16:00:00,841.9179254139314
2013-11-07 16:10:00,839.778309393231
2013-11-07 16:20:00,830.6119961438617
2013-11-07 16:30:00,969.3520068352068
2013-11-07 16:40:00,1030.8102136685286
2013-11-07 16:50:00,756.0346954102681
2013-11-07 17:00:00,1052.060198397667
2013-11-07 17:10:00,841.1639854424469
2013-11-07 17:20:00,809.5912896291134
2013-11-07 17:30:00,818.0167442172228
2013-11-07 17:40:00,819.0556475656243
2013-11-07 17:50:00,852.4017059089479
2013-11-07 18:00:00,838.5017421753682
2013-11-07 18:10:00,830.6400810777562
2013-11-07 18:20:00,807.6513788264174
2013-11-07 18:30:00,925.959338591459
2013-11-07 18:40:00,994.9914760665426
2013-11-07 18:50:00,963.3323309615542
2013-11-07 19:00:00,907.9069361370854
2013-11-07 19:10:00,859.4417702654621
2013-11-07 19:20:00,875.6177070105159
2013-11-07 19:30:00,889.0269050899586
2013-11-07 19:40:00,959.3233839913596
2013-11-07 19:50:00,876.0263328287791
2013-11-07 20:00:00,862.3818270657066
2013-11-07 20:10:00,948.1379448421194
2013-11-07 20:20:00,923.9921301960272
2013-11-07 20:30:00,923.476965513296
2013-11-07 20:40:00,878.2640867490726
2013-11-07 20:50:00,1057.3050253132185
2013-11-07 21:00:00,933.6532704965388
2013-11-07 21:10:00,1056.5986393617302
2013-11-07 21:20:00,1028.6115979997585
2013-11-07 21:30:00,1098.086498910605
2013-11-07 21:40:00,909.9935637904596
2013-11-07 21:50:00,1032.5754540629707
2013-11-07 22:00:00,945.5610220799666
2013-11-07 22:10:00,1019.016256631706
2013-11-07 22:20:00,1034.8495794973976
2013-11-07 22:30:00,842.5035651445038
2013-11-07 22:40:00,930.3813032104698
2013-11-07 22:50:00,1079.2891624636104
2013-11-07 23:00:00,901.495017235935
2013-11-07 23:10:00,828.830851050307
2013-11-07 23:20:00,848.4824076782686
2013-11-07 23:30:00,733.890622078335
2013-11-07 23:40:00,699.3830247280598
2013-11-07 23:50:00,677.8057616712972
2013-11-08 00:00:00,590.2401574800878
2013-11-08 00:10:00,657.4429753945576
2013-11-08 00:20:00,786.5616431682535
2013-11-08 00:30:00,675.2844260018238
2013-11-08 00:40:00,594.8013809237424
2013-11-08 00:50:00,630.1221355237278
2013-11-08 01:00:00,493.7745952814138
2013-11-08 01:10:00,481.9303076808665
2013-11-08 01:20:00,484.8089623285528
2013-11-08 01:30:00,506.79596531797904
2013-11-08 01:40:00,454.28448614099256
2013-11-08 01:50:00,480.92601654498577
2013-11-08 02:00:00,435.327842456412
2013-11-08 02:10:00,483.9718970797201
2013-11-08 02:20:00,425.1697741825954
2013-11-08 02:30:00,422.688226515048
2013-11-08 02:40:00,405.66905401232873
2013-11-08 02:50:00,441.2014426417116
2013-11-08 03:00:00,340.6544203864322
2013-11-08 03:10:00,332.24868590783086
2013-11-08 03:20:00,364.9577582587901
2013-11-08 03:30:00,316.1632170745588
2013-11-08 03:40:00,322.0360205892909
2013-11-08 03:50:00,349.82607274950163
2013-11-08 04:00:00,313.24102838299706
2013-11-08 04:10:00,347.83132059350913
2013-11-08 04:20:00,364.83613857411024
2013-11-08 04:30:00,332.81094758397154
2013-11-08 04:40:00,339.6809110996487
2013-11-08 04:50:00,348.9474805890892
2013-11-08 05:00:00,334.7831592553619
2013-11-08 05:10:00,361.8406832835036
2013-11-08 05:20:00,370.3414578142188
2013-11-08 05:30:00,371.2083169506788
2013-11-08 05:40:00,387.0784841136468
2013-11-08 05:50:00,442.5273979413859
2013-11-08 06:00:00,385.71808375607577
2013-11-08 06:10:00,459.6687131301034
2013-11-08 06:20:00,499.50908810856487
2013-11-08 06:30:00,518.670595446324
2013-11-08 06:40:00,688.3311776254385
2013-11-08 06:50:00,660.7601561261121
2013-11-08 07:00:00,698.9341782730315
2013-11-08 07:10:00,814.9525959537959
2013-11-08 07:20:00,813.3865855836162
2013-11-08 07:30:00,762.6303296758301
2013-11-08 07:40:00,799.1033593889084
2013-11-08 07:50:00,800.3573968822195
2013-11-08 08:00:00,818.6662248792567
2013-11-08 08:10:00,784.868191960438
2013-11-08 08:20:00,757.1264766143528
2013-11-08 08:30:00,790.7485024685438
2013-11-08 08:40:00,756.4297255176612
2013-11-08 08:50:00,823.3745517114673
2013-11-08 09:00:00,849.9781549964833
2013-11-08 09:10:00,712.1801253969694
2013-11-08 09:20:00,635.598551412566
2013-11-08 09:30:00,792.8104385131787
2013-11-08 09:40:00,716.7700539491026
2013-11-08 09:50:00,807.5330517186792
2013-11-08 10:00:00,914.6499555232546
2013-11-08 10:10:00,873.5999223374445
2013-11-08 10:20:00,803.85362016477
2013-11-08 10:30:00,789.2472206657878
2013-11-08 10:40:00,796.1492156517603
2013-11-08 10:50:00,952.0880857277956
2013-11-08 11:00:00,840.5215544609006
2013-11-08 11:10:00,876.4808300749437
2013-11-08 11:20:00,1111.8955133641125
2013-11-08 11:30:00,1011.345964228126
2013-11-08 11:40:00,912.036145963757
2013-11-08 11:50:00,1109.4328590961954
2013-11-08 12:00:00,905.801123965388
2013-11-08 12:10:00,838.5018829172475
2013-11-08 12:20:00,958.1101731016817
2013-11-08 12:30:00,819.5230588794029
2013-11-08 12:40:00,907.3691447505114
2013-11-08 12:50:00,1024.5330309533283
2013-11-08 13:00:00,862.4865379074769
2013-11-08 13:10:00,1010.3966715772368
2013-11-08 13:20:00,888.2484476918606
2013-11-08 13:30:00,866.7684148447024
2013-11-08 13:40:00,1107.3949184640917
2013-11-08 13:50:00,879.1447431494618
2013-11-08 14:00:00,839.8582017358635
2013-11-08 14:10:00,841.7802191802774
2013-11-08 14:20:00,1006.3037685457954
2013-11-08 14:30:00,979.5535151031646
2013-11-08 14:40:00,958.090016050682
2013-11-08 14:50:00,910.9612557902694
2013-11-08 15:00:00,825.9861802862054
2013-11-08 15:10:00,899.6060694701921
2013-11-08 15:20:00,794.4727145786043
2013-11-08 15:30:00,765.0947986698379
2013-11-08 15:40:00,809.5961066404597
2013-11-08 15:50:00,821.3681505799924
2013-11-08 16:00:00,772.803655226378
2013-11-08 16:10:00,817.9342988197577
2013-11-08 16:20:00,867.6916973637456
2013-11-08 16:30:00,793.30040194794
2013-11-08 16:40:00,843.936637619293
2013-11-08 16:50:00,917.9404590741452
2013-11-08 17:00:00,795.3669200534273
2013-11-08 17:10:00,837.2558516290242
2013-11-08 17:20:00,904.5571249110934
2013-11-08 17:30:00,965.8738408606448
2013-11-08 17:40:00,848.2630740049392
2013-11-08 17:50:00,974.654721901792
2013-11-08 18:00:00,1103.4544466448992
2013-11-08 18:10:00,986.1686836052404
2013-11-08 18:20:00,962.3361959150988
2013-11-08 18:30:00,1084.7282281731773
2013-11-08 18:40:00,854.8132615475873
2013-11-08 18:50:00,872.4616653230545
2013-11-08 19:00:00,985.8159407980934
2013-11-08 19:10:00,911.4799883785356
2013-11-08 19:20:00,976.5784823254234
2013-11-08 19:30:00,871.8843995671389
2013-11-08 19:40:00,949.0655730245376
2013-11-08 19:50:00,1207.7356379332116
2013-11-08 20:00:00,1103.0124874071032
2013-11-08 20:10:00,972.9745515711138
2013-11-08 20:20:00,1037.536695380025
2013-11-08 20:30:00,1332.327167250814
2013-11-08 20:40:00,1118.440120212595
2013-11-08 20:50:00,1019.0749658275176
2013-11-08 21:00:00,994.0263572915088
2013-11-08 21:10:00,1178.752785167704
2013-11-08 21:20:00,1046.5130468378932
2013-11-08 21:30:00,1191.104496087832
2013-11-08 21:40:00,1041.795918468398
2013-11-08 21:50:00,1128.6166939838902
2013-11-08 22:00:00,976.2230705100596
2013-11-08 22:10:00,1103.7625981173346
2013-11-08 22:20:00,929.0390495320686
2013-11-08 22:30:00,894.7367331723794
2013-11-08 22:40:00,918.2297280009838
2013-11-08 22:50:00,886.9782581703785
2013-11-08 23:00:00,873.6806129723112
2013-11-08 23:10:00,912.4669911413924
2013-11-08 23:20:00,880.475583139694
2013-11-08 23:30:00,853.6448975557487
2013-11-08 23:40:00,912.6161631993882
2013-11-08 23:50:00,852.7013234168768
2013-11-09 00:00:00,955.7559826637377
2013-11-09 00:10:00,709.1064965884968
2013-11-09 00:20:00,689.8121741627913
2013-11-09 00:30:00,573.8026339134857
2013-11-09 00:40:00,634.8366086324597
2013-11-09 00:50:00,585.8799274218985
2013-11-09 01:00:00,594.207775693165
2013-11-09 01:10:00,592.9346842638596
2013-11-09 01:20:00,570.7618344472722
2013-11-09 01:30:00,519.3820287167091
2013-11-09 01:40:00,496.4378771501124
2013-11-09 01:50:00,474.5766727847176
2013-11-09 02:00:00,456.149624360706
2013-11-09 02:10:00,456.60387047134606
2013-11-09 02:20:00,415.8261530368193
2013-11-09 02:30:00,403.7891559467576
2013-11-09 02:40:00,407.36681056163866
2013-11-09 02:50:00,333.9436778828885
2013-11-09 03:00:00,388.62783819370816
2013-11-09 03:10:00,403.01633549060176
2013-11-09 03:20:00,472.5040193132517
2013-11-09 03:30:00,372.5533867845496
2013-11-09 03:40:00,369.53517540271
2013-11-09 03:50:00,350.2216488851236
2013-11-09 04:00:00,349.62800224326014
2013-11-09 04:10:00,366.1500527081241
2013-11-09 04:20:00,330.35113461222056
2013-11-09 04:30:00,321.4091815724368
2013-11-09 04:40:00,380.3081115096383
2013-11-09 04:50:00,344.89432063939995
2013-11-09 05:00:00,333.1248158718828
2013-11-09 05:10:00,358.50826359724925
2013-11-09 05:20:00,343.6644434895337
2013-11-09 05:30:00,391.5691250509348
2013-11-09 05:40:00,373.8162801926794
2013-11-09 05:50:00,365.2937890191768
2013-11-09 06:00:00,368.27289365812
2013-11-09 06:10:00,367.0005333753292
2013-11-09 06:20:00,417.1287117605842
2013-11-09 06:30:00,396.63601685680095
2013-11-09 06:40:00,449.31526903144
2013-11-09 06:50:00,458.97613137894143
2013-11-09 07:00:00,467.2313676220414
2013-11-09 07:10:00,470.7559243394112
2013-11-09 07:20:00,449.6076765763602
2013-11-09 07:30:00,454.5261197203639
2013-11-09 07:40:00,612.7597930959563
2013-11-09 07:50:00,505.7213084577932
2013-11-09 08:00:00,661.7314412791303
2013-11-09 08:10:00,665.3803838385909
2013-11-09 08:20:00,597.9338431815228
2013-11-09 08:30:00,865.1015897284801
2013-11-09 08:40:00,778.2813314449309
2013-11-09 08:50:00,839.5018509482505
2013-11-09 09:00:00,1074.7127847875147
2013-11-09 09:10:00,951.6504711688732
2013-11-09 09:20:00,893.0264153736493
2013-11-09 09:30:00,677.5501926752457
2013-11-09 09:40:00,852.8889702449408
2013-11-09 09:50:00,940.6451715786152
2013-11-09 10:00:00,985.761105885272
2013-11-09 10:10:00,1084.3785901559252
2013-11-09 10:20:00,957.4760874077784
2013-11-09 10:30:00,945.6939910840092
2013-11-09 10:40:00,849.760096511557
2013-11-09 10:50:00,906.7731481702148
2013-11-09 11:00:00,777.39064111749
2013-11-09 11:10:00,846.276135779152
2013-11-09 11:20:00,760.5332449295117
2013-11-09 11:30:00,968.0313850587384
2013-11-09 11:40:00,906.8153262273216
2013-11-09 11:50:00,836.2185263349959
2013-11-09 12:00:00,855.8153495816538
2013-11-09 12:10:00,1153.684914361274
2013-11-09 12:20:00,802.4103310741108
2013-11-09 12:30:00,1062.489196467899
2013-11-09 12:40:00,984.8103373102211
2013-11-09 12:50:00,795.8893279006759
2013-11-09 13:00:00,968.096967125402
2013-11-09 13:10:00,931.557609543376
2013-11-09 13:20:00,890.6689234144798
2013-11-09 13:30:00,953.1864261478446
2013-11-09 13:40:00,1004.8162539372422
2013-11-09 13:50:00,831.1562835534808
2013-11-09 14:00:00,1018.7922481876468
2013-11-09 14:10:00,813.2586896095547
2013-11-09 14:20:00,861.0766567491535
2013-11-09 14:30:00,979.0505382671784
2013-11-09 14:40:00,840.6339327514904
2013-11-09 14:50:00,810.4728983045827
2013-11-09 15:00:00,759.6058134539143
2013-11-09 15:10:00,893.8812686900498
2013-11-09 15:20:00,817.1002201516934
2013-11-09 15:30:00,774.2404904145906
2013-11-09 15:40:00,852.8857523731392
2013-11-09 15:50:00,781.8308407444252
2013-11-09 16:00:00,871.7324478469454
2013-11-09 16:10:00,872.5513273343163
2013-11-09 16:20:00,1060.9415965350058
2013-11-09 16:30:00,962.713951953389
2013-11-09 16:40:00,926.8094437319328
2013-11-09 16:50:00,910.1680653753018
2013-11-09 17:00:00,995.3899775897949
2013-11-09 17:10:00,1124.2133601351943
2013-11-09 17:20:00,1191.2076195646275
2013-11-09 17:30:00,859.7233112660482
2013-11-09 17:40:00,955.1424216226908
2013-11-09 17:50:00,979.9670320982366
2013-11-09 18:00:00,997.8500858291488
2013-11-09 18:10:00,963.6378707184492
2013-11-09 18:20:00,999.934931870704
2013-11-09 18:30:00,959.6301252437704
2013-11-09 18:40:00,1016.2626230412312
2013-11-09 18:50:00,1087.843902268574
2013-11-09 19:00:00,1109.9871127824267
2013-11-09 19:10:00,1038.22644394831
2013-11-09 19:20:00,968.6553300732488
2013-11-09 19:30:00,967.6042173547778
2013-11-09 19:40:00,1046.7144955018862
2013-11-09 19:50:00,937.0723680000744
2013-11-09 20:00:00,1013.5726634722026
2013-11-09 20:10:00,1239.626387141938
2013-11-09 20:20:00,1126.573255094358
2013-11-09 20:30:00,1028.6782626897398
2013-11-09 20:40:00,1098.7576947980356
2013-11-09 20:50:00,1030.0231343007977
2013-11-09 21:00:00,1121.6745330388408
2013-11-09 21:10:00,1081.6935317700472
2013-11-09 21:20:00,1156.2936533529503
2013-11-09 21:30:00,1059.942464799832
2013-11-09 21:40:00,1077.3161049331022
2013-11-09 21:50:00,1081.3491260670976
2013-11-09 22:00:00,1115.1083702135506
2013-11-09 22:10:00,1001.9542809157354
2013-11-09 22:20:00,1116.142603317052
2013-11-09 22:30:00,946.215491512708
2013-11-09 22:40:00,967.1226617172368
2013-11-09 22:50:00,1019.6852839658288
2013-11-09 23:00:00,991.8721052550218
2013-11-09 23:10:00,974.626461955476
2013-11-09 23:20:00,1070.0870092201533
2013-11-09 23:30:00,906.7437731402844
2013-11-09 23:40:00,833.1605007754384
2013-11-09 23:50:00,953.3346829371012
2013-11-10 00:00:00,1042.6538530658486
2013-11-10 00:10:00,956.0563517918896
2013-11-10 00:20:00,895.3615484737351
2013-11-10 00:30:00,863.7430936543453
2013-11-10 00:40:00,1043.201941932958
2013-11-10 00:50:00,730.6671512595113
2013-11-10 01:00:00,660.7142726315288
2013-11-10 01:10:00,628.9985361192199
2013-11-10 01:20:00,571.0438059349325
2013-11-10 01:30:00,520.398323353324
2013-11-10 01:40:00,532.4034893379634
2013-11-10 01:50:00,494.7719168734179
2013-11-10 02:00:00,489.4358688812689
2013-11-10 02:10:00,419.6231156433513
2013-11-10 02:20:00,412.2353940652006
2013-11-10 02:30:00,393.432671555997
2013-11-10 02:40:00,357.59136058994085
2013-11-10 02:50:00,342.85977050224136
2013-11-10 03:00:00,354.5435544217821
2013-11-10 03:10:00,347.7014192896517
2013-11-10 03:20:00,324.2161610073113
2013-11-10 03:30:00,351.07532256189546
2013-11-10 03:40:00,340.24078913851304
2013-11-10 03:50:00,320.8295732337177
2013-11-10 04:00:00,313.9232077435678
2013-11-10 04:10:00,306.3510554239619
2013-11-10 04:20:00,298.4272064580084
2013-11-10 04:30:00,304.3470770302986
2013-11-10 04:40:00,290.8680067349051
2013-11-10 04:50:00,288.96608605770695
2013-11-10 05:00:00,270.5512005400115
2013-11-10 05:10:00,280.93917198451567
2013-11-10 05:20:00,308.00143969629056
2013-11-10 05:30:00,293.4412331585099
2013-11-10 05:40:00,279.2434670063742
2013-11-10 05:50:00,280.1551841007337
2013-11-10 06:00:00,307.4371862136141
2013-11-10 06:10:00,299.07790718324577
2013-11-10 06:20:00,310.9508032785682
2013-11-10 06:30:00,359.18304750620166
2013-11-10 06:40:00,311.44585497417523
2013-11-10 06:50:00,326.4370286636997
2013-11-10 07:00:00,354.36588309455846
2013-11-10 07:10:00,393.9951124055036
2013-11-10 07:20:00,432.6343187109141
2013-11-10 07:30:00,417.2226252435778
2013-11-10 07:40:00,402.2593386679282
2013-11-10 07:50:00,468.9561709450186
2013-11-10 08:00:00,685.81429945281
2013-11-10 08:10:00,516.9423156195379
2013-11-10 08:20:00,520.966516312109
2013-11-10 08:30:00,474.8596151266854
2013-11-10 08:40:00,786.7887863566358
2013-11-10 08:50:00,1027.770265393484
2013-11-10 09:00:00,821.5366060002912
2013-11-10 09:10:00,718.0951902994778
2013-11-10 09:20:00,638.6419976500474
2013-11-10 09:30:00,665.717214240725
2013-11-10 09:40:00,648.2096356912423
2013-11-10 09:50:00,679.8921259389552
2013-11-10 10:00:00,696.6267827312317
2013-11-10 10:10:00,663.7097194888776
2013-11-10 10:20:00,672.3592014494988
2013-11-10 10:30:00,733.2110574822696
2013-11-10 10:40:00,711.9609610822832
2013-11-10 10:50:00,722.6274391791698
2013-11-10 11:00:00,701.5729707677757
2013-11-10 11:10:00,743.8636483163482
2013-11-10 11:20:00,778.7172998099607
2013-11-10 11:30:00,840.3066751647522
2013-11-10 11:40:00,872.7266224983132
2013-11-10 11:50:00,801.9511147878119
2013-11-10 12:00:00,878.6737204438112
2013-11-10 12:10:00,841.9530095533564
2013-11-10 12:20:00,945.9279548997824
2013-11-10 12:30:00,870.512529092336
2013-11-10 12:40:00,890.2672397284075
2013-11-10 12:50:00,1047.6588703351458
2013-11-10 13:00:00,758.7560497246368
2013-11-10 13:10:00,832.615702652408
2013-11-10 13:20:00,930.229454562465
2013-11-10 13:30:00,933.4268397854456
2013-11-10 13:40:00,847.0034629730958
2013-11-10 13:50:00,890.5327258785633
2013-11-10 14:00:00,919.6534043959864
2013-11-10 14:10:00,828.8248458952675
2013-11-10 14:20:00,1157.4656358863213
2013-11-10 14:30:00,874.5490415499224
2013-11-10 14:40:00,746.6710886631648
2013-11-10 14:50:00,873.2411344849037
2013-11-10 15:00:00,882.3259800133683
2013-11-10 15:10:00,769.3654709111546
2013-11-10 15:20:00,777.2205874780157
2013-11-10 15:30:00,690.3595239005662
2013-11-10 15:40:00,747.6085228722882
2013-11-10 15:50:00,841.3223786059306
2013-11-10 16:00:00,895.8449263429159
2013-11-10 16:10:00,765.3884152938106
2013-11-10 16:20:00,861.3472266410628
2013-11-10 16:30:00,717.3488993043367
2013-11-10 16:40:00,902.9885636964024
2013-11-10 16:50:00,871.1622719144286
2013-11-10 17:00:00,762.233165684513
2013-11-10 17:10:00,858.7183176557038
2013-11-10 17:20:00,828.9211887467156
2013-11-10 17:30:00,871.6285286924214
2013-11-10 17:40:00,884.4831643113215
2013-11-10 17:50:00,948.8883065506268
2013-11-10 18:00:00,1007.388086110775
2013-11-10 18:10:00,857.8214620978151
2013-11-10 18:20:00,924.654727857584
2013-11-10 18:30:00,857.711440485376
2013-11-10 18:40:00,992.9678061363062
2013-11-10 18:50:00,972.3776852306804
2013-11-10 19:00:00,942.4854816474658
2013-11-10 19:10:00,964.8118037469568
2013-11-10 19:20:00,1044.153271076763
2013-11-10 19:30:00,965.6466032613654
2013-11-10 19:40:00,936.3197101237952
2013-11-10 19:50:00,963.768180213471
2013-11-10 20:00:00,1050.6484960300877
2013-11-10 20:10:00,1051.5225263303698
2013-11-10 20:20:00,982.421822649119
2013-11-10 20:30:00,1106.691268570455
2013-11-10 20:40:00,946.492365913258
2013-11-10 20:50:00,1097.6244864267712
2013-11-10 21:00:00,1052.778276632178
2013-11-10 21:10:00,1123.9093761217162
2013-11-10 21:20:00,1316.590030727517
2013-11-10 21:30:00,1153.631995949671
2013-11-10 21:40:00,1053.328250066847
2013-11-10 21:50:00,1007.9321406622028
2013-11-10 22:00:00,1001.0238845453092
2013-11-10 22:10:00,944.6497602109256
2013-11-10 22:20:00,1000.4285159849204
2013-11-10 22:30:00,956.5141726408018
2013-11-10 22:40:00,1085.5929593500118
2013-11-10 22:50:00,891.3589870598715
